{"stats":{"minecraft:picked_up":{"minecraft:oak_sign":1,"minecraft:redstone_torch":7,"minecraft:redstone":15},"minecraft:custom":{"minecraft:time_since_rest":417906,"minecraft:play_time":417906,"minecraft:crouch_one_cm":4309,"minecraft:sprint_one_cm":247,"minecraft:walk_one_cm":130536,"minecraft:sneak_time":14469,"minecraft:drop":1,"minecraft:jump":486,"minecraft:leave_game":3,"minecraft:time_since_death":417906,"minecraft:total_world_time":421137,"minecraft:fly_one_cm":4914582},"minecraft:dropped":{"minecraft:white_wool":1},"minecraft:used":{"minecraft:yellow_wool":186,"minecraft:redstone_torch":487,"minecraft:light_gray_wool":243,"minecraft:white_wool":8,"minecraft:diorite":1,"minecraft:repeater":25,"minecraft:redstone_lamp":43,"minecraft:target":2,"minecraft:redstone":440,"minecraft:oak_sign":20,"minecraft:redstone_block":1,"minecraft:gravel":7}},"DataVersion":3700}