{"stats":{"minecraft:picked_up":{"minecraft:oak_sign":1,"minecraft:redstone_torch":19,"minecraft:redstone":24},"minecraft:custom":{"minecraft:time_since_rest":5081026,"minecraft:crouch_one_cm":9060,"minecraft:play_time":5081026,"minecraft:sprint_one_cm":655,"minecraft:walk_one_cm":225084,"minecraft:sneak_time":229423,"minecraft:drop":1,"minecraft:interact_with_lectern":1,"minecraft:jump":1095,"minecraft:leave_game":8,"minecraft:time_since_death":5081026,"minecraft:total_world_time":5091885,"minecraft:fly_one_cm":9645448},"minecraft:dropped":{"minecraft:white_wool":1},"minecraft:used":{"minecraft:yellow_wool":190,"minecraft:redstone_torch":613,"minecraft:glass":1,"minecraft:light_gray_wool":319,"minecraft:white_wool":8,"minecraft:trident":225,"minecraft:diorite":2,"minecraft:repeater":25,"minecraft:redstone_lamp":43,"minecraft:target":2,"minecraft:redstone":469,"minecraft:oak_sign":26,"minecraft:redstone_block":1,"minecraft:gravel":7}},"DataVersion":3700}