{"stats":{"minecraft:picked_up":{"minecraft:glass":1,"minecraft:repeater":1,"minecraft:lever":3,"minecraft:redstone_torch":2,"minecraft:redstone":18},"minecraft:custom":{"minecraft:time_since_rest":4985178,"minecraft:crouch_one_cm":3138,"minecraft:play_time":4985178,"minecraft:sprint_one_cm":5246,"minecraft:walk_one_cm":39983,"minecraft:sneak_time":165243,"minecraft:interact_with_lectern":1,"minecraft:drop":7,"minecraft:jump":261,"minecraft:leave_game":9,"minecraft:time_since_death":4985178,"minecraft:total_world_time":4985178,"minecraft:fly_one_cm":8110456},"minecraft:dropped":{"minecraft:redstone_torch":1,"minecraft:lever":2,"minecraft:glass":1,"minecraft:repeater":1,"minecraft:redstone":2},"minecraft:used":{"minecraft:yellow_wool":19,"minecraft:redstone_torch":56,"minecraft:glass":22,"minecraft:black_wool":3,"minecraft:mud":1,"minecraft:light_gray_wool":44,"minecraft:lever":22,"minecraft:black_concrete":2,"minecraft:repeater":24,"minecraft:redstone_lamp":28,"minecraft:comparator":20,"minecraft:redstone":238,"minecraft:yellow_concrete":1,"minecraft:oak_sign":1,"minecraft:birch_hanging_sign":1,"minecraft:black_shulker_box":1,"minecraft:redstone_block":2,"minecraft:black_concrete_powder":1,"minecraft:obsidian":1,"minecraft:pink_wool":218,"minecraft:lightning_rod":4}},"DataVersion":3700}