{"stats":{"minecraft:picked_up":{"minecraft:repeater":8,"minecraft:leather":1,"minecraft:redstone":98,"minecraft:oak_sign":2,"minecraft:lever":2,"minecraft:comparator":2,"minecraft:beef":3,"minecraft:redstone_torch":26,"minecraft:spruce_sign":1,"minecraft:black_wool":1,"minecraft:cod":1,"minecraft:hopper":1},"minecraft:custom":{"minecraft:time_since_rest":4270506,"minecraft:sprint_one_cm":94120,"minecraft:walk_one_cm":358673,"minecraft:mob_kills":3,"minecraft:drop":12,"minecraft:damage_dealt":160,"minecraft:target_hit":1,"minecraft:interact_with_cartography_table":3,"minecraft:fly_one_cm":12097926,"minecraft:open_chest":6,"minecraft:crouch_one_cm":347,"minecraft:play_time":4270506,"minecraft:sneak_time":2098,"minecraft:interact_with_lectern":3,"minecraft:aviate_one_cm":14908379,"minecraft:jump":1190,"minecraft:leave_game":10,"minecraft:time_since_death":4270506,"minecraft:total_world_time":4270506},"minecraft:killed":{"minecraft:mooshroom":1,"minecraft:villager":1,"minecraft:polar_bear":1},"minecraft:dropped":{"minecraft:spruce_sign":1,"minecraft:lever":1,"minecraft:repeater":9,"minecraft:hopper":1,"minecraft:light_gray_wool":2,"minecraft:white_dye":2,"minecraft:beef":3,"minecraft:oak_sign":2,"minecraft:black_wool":1,"minecraft:netherite_leggings":1,"minecraft:redstone":86},"minecraft:used":{"minecraft:redstone_torch":384,"minecraft:glass":24,"minecraft:trident":42,"minecraft:lever":2,"minecraft:chiseled_bookshelf":1,"minecraft:black_wool":1,"minecraft:lava_bucket":4,"minecraft:firework_rocket":610,"minecraft:red_wool":2,"minecraft:red_concrete":2,"minecraft:armor_stand":10,"minecraft:grass_block":4,"minecraft:redstone":1271,"minecraft:netherite_chestplate":1,"minecraft:cartography_table":1,"minecraft:oak_sign":57,"minecraft:quartz_block":1,"minecraft:white_dye":54,"minecraft:smooth_quartz":1,"minecraft:spruce_sign":9,"minecraft:stonecutter":2,"minecraft:pink_wool":1452,"minecraft:glow_ink_sac":76,"minecraft:yellow_wool":2,"minecraft:light_gray_wool":262,"minecraft:tripwire_hook":1,"minecraft:repeater":139,"minecraft:redstone_lamp":199,"minecraft:anvil":1,"minecraft:written_book":1,"minecraft:chain":3,"minecraft:deepslate_brick_slab":6,"minecraft:white_concrete":34,"minecraft:gray_wool":2,"minecraft:oak_hanging_sign":1}},"DataVersion":3700}