{"stats":{"minecraft:picked_up":{"minecraft:repeater":8,"minecraft:leather":1,"minecraft:redstone":84,"minecraft:oak_sign":2,"minecraft:lever":2,"minecraft:comparator":2,"minecraft:beef":3,"minecraft:redstone_torch":12,"minecraft:spruce_sign":1,"minecraft:black_wool":1,"minecraft:hopper":1},"minecraft:custom":{"minecraft:time_since_rest":359556,"minecraft:sprint_one_cm":24928,"minecraft:walk_one_cm":228436,"minecraft:mob_kills":1,"minecraft:drop":10,"minecraft:damage_dealt":160,"minecraft:target_hit":1,"minecraft:fly_one_cm":5762628,"minecraft:open_chest":4,"minecraft:crouch_one_cm":213,"minecraft:play_time":359556,"minecraft:sneak_time":40,"minecraft:interact_with_lectern":2,"minecraft:aviate_one_cm":3739420,"minecraft:jump":567,"minecraft:leave_game":1,"minecraft:time_since_death":359556,"minecraft:total_world_time":359556},"minecraft:killed":{"minecraft:mooshroom":1},"minecraft:dropped":{"minecraft:spruce_sign":1,"minecraft:repeater":9,"minecraft:hopper":1,"minecraft:light_gray_wool":2,"minecraft:white_dye":2,"minecraft:beef":3,"minecraft:oak_sign":2,"minecraft:black_wool":1,"minecraft:redstone":86},"minecraft:used":{"minecraft:redstone_torch":259,"minecraft:glass":24,"minecraft:chiseled_bookshelf":1,"minecraft:black_wool":1,"minecraft:lava_bucket":4,"minecraft:firework_rocket":366,"minecraft:red_wool":2,"minecraft:armor_stand":8,"minecraft:grass_block":4,"minecraft:redstone":1192,"minecraft:cartography_table":1,"minecraft:quartz_block":1,"minecraft:oak_sign":36,"minecraft:smooth_quartz":1,"minecraft:spruce_sign":8,"minecraft:white_dye":53,"minecraft:stonecutter":2,"minecraft:pink_wool":1452,"minecraft:glow_ink_sac":59,"minecraft:yellow_wool":2,"minecraft:light_gray_wool":67,"minecraft:tripwire_hook":1,"minecraft:repeater":139,"minecraft:redstone_lamp":199,"minecraft:anvil":1,"minecraft:written_book":1,"minecraft:chain":3,"minecraft:deepslate_brick_slab":6,"minecraft:white_concrete":34,"minecraft:oak_hanging_sign":1,"minecraft:gray_wool":2}},"DataVersion":3700}