{"stats":{"minecraft:custom":{"minecraft:time_since_rest":8575,"minecraft:crouch_one_cm":35,"minecraft:deaths":4,"minecraft:play_time":345913,"minecraft:sprint_one_cm":35,"minecraft:damage_taken":1980,"minecraft:walk_one_cm":117296,"minecraft:bell_ring":271,"minecraft:sneak_time":39,"minecraft:jump":323,"minecraft:leave_game":4,"minecraft:time_since_death":8549,"minecraft:total_world_time":345913,"minecraft:fall_one_cm":14629,"minecraft:fly_one_cm":1879576},"minecraft:used":{"minecraft:yellow_wool":1,"minecraft:redstone_torch":284,"minecraft:oak_fence":6,"minecraft:glass":87,"minecraft:mooshroom_spawn_egg":1,"minecraft:villager_spawn_egg":6,"minecraft:redstone":3,"minecraft:oak_sign":40,"minecraft:polar_bear_spawn_egg":11,"minecraft:stripped_cherry_wood":16,"minecraft:zombie_spawn_egg":2,"minecraft:turtle_egg":7,"minecraft:smooth_stone":1,"minecraft:bell":4,"minecraft:pink_wool":3}},"DataVersion":3700}