{"stats":{"minecraft:picked_up":{"minecraft:turtle_egg":1},"minecraft:custom":{"minecraft:time_since_rest":4660825,"minecraft:sprint_one_cm":887,"minecraft:damage_taken":1980,"minecraft:walk_one_cm":175852,"minecraft:drop":10,"minecraft:fly_one_cm":3142034,"minecraft:open_chest":4,"minecraft:crouch_one_cm":35,"minecraft:play_time":4998163,"minecraft:deaths":4,"minecraft:sneak_time":454,"minecraft:bell_ring":271,"minecraft:interact_with_lectern":1,"minecraft:jump":552,"minecraft:leave_game":10,"minecraft:time_since_death":4660799,"minecraft:total_world_time":4998163,"minecraft:fall_one_cm":14629,"minecraft:inspect_dispenser":4},"minecraft:dropped":{"minecraft:turtle_egg":2,"minecraft:trident":1,"minecraft:oak_pressure_plate":1,"minecraft:birch_button":1,"minecraft:warped_sign":1,"minecraft:glass":1,"minecraft:oak_sign":1,"minecraft:written_book":1,"minecraft:polar_bear_spawn_egg":1},"minecraft:used":{"minecraft:redstone_torch":303,"minecraft:oak_fence":6,"minecraft:glass":117,"minecraft:trident":5,"minecraft:villager_spawn_egg":6,"minecraft:redstone":3,"minecraft:oak_sign":40,"minecraft:zombie_spawn_egg":2,"minecraft:oak_pressure_plate":1,"minecraft:warped_sign":19,"minecraft:pink_wool":3,"minecraft:bell":4,"minecraft:yellow_wool":1,"minecraft:birch_button":1,"minecraft:mooshroom_spawn_egg":1,"minecraft:written_book":2,"minecraft:polar_bear_spawn_egg":11,"minecraft:stripped_cherry_wood":16,"minecraft:red_dye":16,"minecraft:turtle_egg":8,"minecraft:smooth_stone":1}},"DataVersion":3700}