{"stats":{"minecraft:dropped":{"minecraft:white_wool":1},"minecraft:used":{"minecraft:yellow_wool":186,"minecraft:redstone_torch":487,"minecraft:glass":1,"minecraft:light_gray_wool":243,"minecraft:white_wool":8,"minecraft:trident":123,"minecraft:diorite":1,"minecraft:repeater":25,"minecraft:redstone_lamp":43,"minecraft:target":2,"minecraft:redstone":440,"minecraft:oak_sign":26,"minecraft:redstone_block":1,"minecraft:gravel":7},"minecraft:custom":{"minecraft:time_since_rest":1940912,"minecraft:play_time":1940912,"minecraft:crouch_one_cm":5845,"minecraft:sprint_one_cm":247,"minecraft:walk_one_cm":157398,"minecraft:sneak_time":67066,"minecraft:drop":1,"minecraft:jump":660,"minecraft:leave_game":4,"minecraft:time_since_death":1940912,"minecraft:total_world_time":1944244,"minecraft:fly_one_cm":6644034},"minecraft:picked_up":{"minecraft:oak_sign":1,"minecraft:redstone_torch":7,"minecraft:redstone":15}},"DataVersion":3700}