{"stats":{"minecraft:dropped":{"minecraft:redstone_torch":1,"minecraft:lever":2,"minecraft:glass":1,"minecraft:repeater":1},"minecraft:used":{"minecraft:yellow_wool":1,"minecraft:redstone_torch":52,"minecraft:glass":20,"minecraft:black_wool":3,"minecraft:mud":1,"minecraft:light_gray_wool":1,"minecraft:lever":22,"minecraft:black_concrete":2,"minecraft:repeater":19,"minecraft:redstone_lamp":28,"minecraft:comparator":20,"minecraft:redstone":187,"minecraft:yellow_concrete":1,"minecraft:oak_sign":1,"minecraft:birch_hanging_sign":1,"minecraft:black_shulker_box":1,"minecraft:redstone_block":2,"minecraft:black_concrete_powder":1,"minecraft:obsidian":1,"minecraft:pink_wool":218,"minecraft:lightning_rod":4},"minecraft:custom":{"minecraft:time_since_rest":1850911,"minecraft:crouch_one_cm":2291,"minecraft:play_time":1850911,"minecraft:sprint_one_cm":749,"minecraft:walk_one_cm":34866,"minecraft:sneak_time":45161,"minecraft:drop":5,"minecraft:jump":199,"minecraft:leave_game":6,"minecraft:time_since_death":1850911,"minecraft:total_world_time":1850911,"minecraft:fly_one_cm":4545478},"minecraft:picked_up":{"minecraft:glass":1,"minecraft:repeater":1,"minecraft:lever":3,"minecraft:redstone_torch":1,"minecraft:redstone":18}},"DataVersion":3700}