{"stats":{"minecraft:dropped":{"minecraft:white_wool":1},"minecraft:used":{"minecraft:redstone_torch":487,"minecraft:yellow_wool":186,"minecraft:glass":1,"minecraft:light_gray_wool":243,"minecraft:white_wool":8,"minecraft:trident":123,"minecraft:diorite":1,"minecraft:redstone_lamp":43,"minecraft:repeater":25,"minecraft:target":2,"minecraft:redstone":440,"minecraft:oak_sign":26,"minecraft:redstone_block":1,"minecraft:gravel":7},"minecraft:picked_up":{"minecraft:oak_sign":1,"minecraft:redstone_torch":7,"minecraft:redstone":15},"minecraft:custom":{"minecraft:time_since_rest":1953480,"minecraft:sprint_one_cm":247,"minecraft:crouch_one_cm":5883,"minecraft:play_time":1953480,"minecraft:walk_one_cm":161603,"minecraft:sneak_time":67283,"minecraft:drop":1,"minecraft:jump":679,"minecraft:leave_game":5,"minecraft:time_since_death":1953480,"minecraft:total_world_time":1956812,"minecraft:fly_one_cm":6738500}},"DataVersion":3700}