{"stats":{"minecraft:dropped":{"minecraft:spruce_sign":1,"minecraft:repeater":9,"minecraft:hopper":1,"minecraft:light_gray_wool":2,"minecraft:white_dye":2,"minecraft:beef":3,"minecraft:oak_sign":2,"minecraft:black_wool":1,"minecraft:redstone":86},"minecraft:used":{"minecraft:redstone_torch":386,"minecraft:glass":33,"minecraft:trident":32,"minecraft:chiseled_bookshelf":1,"minecraft:black_wool":1,"minecraft:black_concrete":44,"minecraft:lava_bucket":4,"minecraft:firework_rocket":716,"minecraft:red_wool":2,"minecraft:armor_stand":9,"minecraft:grass_block":4,"minecraft:redstone":1266,"minecraft:oak_sign":56,"minecraft:cartography_table":1,"minecraft:quartz_block":1,"minecraft:white_dye":54,"minecraft:smooth_quartz":1,"minecraft:spruce_sign":9,"minecraft:pink_wool":1452,"minecraft:stonecutter":2,"minecraft:glow_ink_sac":106,"minecraft:yellow_wool":7,"minecraft:light_gray_wool":204,"minecraft:tripwire_hook":1,"minecraft:repeater":139,"minecraft:redstone_lamp":199,"minecraft:anvil":1,"minecraft:black_stained_glass":7,"minecraft:written_book":1,"minecraft:black_dye":1,"minecraft:chain":3,"minecraft:deepslate_brick_slab":6,"minecraft:white_concrete":34,"minecraft:gray_wool":2,"minecraft:red_dye":7,"minecraft:oak_hanging_sign":1,"minecraft:gray_stained_glass":1},"minecraft:killed":{"minecraft:mooshroom":1,"minecraft:villager":1,"minecraft:polar_bear":1},"minecraft:picked_up":{"minecraft:repeater":8,"minecraft:leather":1,"minecraft:redstone":96,"minecraft:oak_sign":2,"minecraft:lever":2,"minecraft:comparator":2,"minecraft:beef":3,"minecraft:redstone_torch":18,"minecraft:spruce_sign":1,"minecraft:black_wool":1,"minecraft:hopper":1,"minecraft:cod":1},"minecraft:custom":{"minecraft:time_since_rest":1985616,"minecraft:sprint_one_cm":87975,"minecraft:walk_one_cm":369318,"minecraft:mob_kills":3,"minecraft:drop":10,"minecraft:damage_dealt":160,"minecraft:interact_with_cartography_table":3,"minecraft:fly_one_cm":9536197,"minecraft:target_hit":1,"minecraft:open_chest":4,"minecraft:crouch_one_cm":311,"minecraft:play_time":1985616,"minecraft:sneak_time":1221,"minecraft:interact_with_lectern":3,"minecraft:aviate_one_cm":14503124,"minecraft:jump":1079,"minecraft:leave_game":8,"minecraft:time_since_death":1985616,"minecraft:total_world_time":1985616}},"DataVersion":3700}