{"stats":{"minecraft:used":{"minecraft:redstone_torch":303,"minecraft:oak_fence":6,"minecraft:glass":110,"minecraft:trident":12,"minecraft:villager_spawn_egg":6,"minecraft:redstone":3,"minecraft:oak_sign":40,"minecraft:zombie_spawn_egg":2,"minecraft:oak_pressure_plate":1,"minecraft:diamond_axe":1,"minecraft:warped_sign":18,"minecraft:bell":4,"minecraft:pink_wool":3,"minecraft:yellow_wool":1,"minecraft:birch_button":1,"minecraft:mooshroom_spawn_egg":1,"minecraft:written_book":2,"minecraft:tnt":2,"minecraft:mule_spawn_egg":1,"minecraft:polar_bear_spawn_egg":11,"minecraft:stripped_cherry_wood":16,"minecraft:red_dye":10,"minecraft:allay_spawn_egg":1,"minecraft:turtle_egg":8,"minecraft:smooth_stone":1},"minecraft:dropped":{"minecraft:turtle_egg":2,"minecraft:trident":1,"minecraft:oak_pressure_plate":1,"minecraft:birch_button":1,"minecraft:glass":1,"minecraft:warped_sign":1,"minecraft:written_book":1,"minecraft:oak_sign":1,"minecraft:polar_bear_spawn_egg":1},"minecraft:picked_up":{"minecraft:turtle_egg":1,"minecraft:dirt":32,"minecraft:redstone_torch":1},"minecraft:custom":{"minecraft:time_since_rest":1577591,"minecraft:sprint_one_cm":386,"minecraft:damage_taken":1980,"minecraft:walk_one_cm":173638,"minecraft:drop":10,"minecraft:damage_dealt":31,"minecraft:fly_one_cm":2902135,"minecraft:open_chest":3,"minecraft:crouch_one_cm":35,"minecraft:play_time":1914929,"minecraft:deaths":4,"minecraft:sneak_time":454,"minecraft:bell_ring":271,"minecraft:interact_with_lectern":1,"minecraft:jump":433,"minecraft:leave_game":8,"minecraft:time_since_death":1577565,"minecraft:total_world_time":1915393,"minecraft:fall_one_cm":14629,"minecraft:inspect_dispenser":2}},"DataVersion":3700}