{"stats":{"minecraft:picked_up":{"minecraft:glass":4,"minecraft:repeater":1,"minecraft:lever":3,"minecraft:redstone_torch":8,"minecraft:redstone":26},"minecraft:dropped":{"minecraft:redstone_torch":9,"minecraft:lever":2,"minecraft:glass":4,"minecraft:repeater":1},"minecraft:custom":{"minecraft:time_since_rest":1947880,"minecraft:crouch_one_cm":4917,"minecraft:sprint_one_cm":1087,"minecraft:play_time":1947880,"minecraft:walk_one_cm":40377,"minecraft:sneak_time":49787,"minecraft:drop":16,"minecraft:jump":250,"minecraft:leave_game":11,"minecraft:time_since_death":1947880,"minecraft:total_world_time":1947880,"minecraft:fly_one_cm":5364141},"minecraft:used":{"minecraft:redstone_torch":210,"minecraft:yellow_wool":27,"minecraft:glass":38,"minecraft:black_wool":4,"minecraft:mud":1,"minecraft:light_gray_wool":180,"minecraft:lever":22,"minecraft:black_concrete":2,"minecraft:repeater":36,"minecraft:redstone_lamp":30,"minecraft:comparator":20,"minecraft:redstone":297,"minecraft:yellow_concrete":1,"minecraft:oak_sign":1,"minecraft:birch_hanging_sign":1,"minecraft:black_shulker_box":1,"minecraft:redstone_block":2,"minecraft:black_concrete_powder":1,"minecraft:obsidian":1,"minecraft:pink_wool":218,"minecraft:lightning_rod":4}},"DataVersion":3700}