{"stats":{"minecraft:dropped":{"minecraft:white_wool":1},"minecraft:custom":{"minecraft:time_since_rest":2854995,"minecraft:crouch_one_cm":7156,"minecraft:play_time":2854995,"minecraft:sprint_one_cm":477,"minecraft:walk_one_cm":196186,"minecraft:sneak_time":108837,"minecraft:drop":1,"minecraft:jump":898,"minecraft:leave_game":9,"minecraft:time_since_death":2854995,"minecraft:total_world_time":2858327,"minecraft:fly_one_cm":8849151,"minecraft:target_hit":1},"minecraft:used":{"minecraft:yellow_wool":186,"minecraft:redstone_torch":522,"minecraft:glass":2,"minecraft:light_gray_wool":243,"minecraft:white_wool":8,"minecraft:trident":198,"minecraft:diorite":1,"minecraft:repeater":25,"minecraft:redstone_lamp":43,"minecraft:target":2,"minecraft:bow":34,"minecraft:redstone":466,"minecraft:oak_sign":26,"minecraft:redstone_block":1,"minecraft:gravel":7},"minecraft:picked_up":{"minecraft:oak_sign":14,"minecraft:redstone_torch":7,"minecraft:spruce_sign":2,"minecraft:redstone":32}},"DataVersion":3700}