{"stats":{"minecraft:dropped":{"minecraft:white_wool":1},"minecraft:custom":{"minecraft:time_since_rest":2801356,"minecraft:crouch_one_cm":7009,"minecraft:play_time":2801356,"minecraft:sprint_one_cm":477,"minecraft:walk_one_cm":195600,"minecraft:sneak_time":107024,"minecraft:drop":1,"minecraft:jump":883,"minecraft:leave_game":8,"minecraft:time_since_death":2801356,"minecraft:total_world_time":2804688,"minecraft:target_hit":1,"minecraft:fly_one_cm":8566441},"minecraft:used":{"minecraft:yellow_wool":186,"minecraft:redstone_torch":521,"minecraft:glass":2,"minecraft:light_gray_wool":243,"minecraft:white_wool":8,"minecraft:trident":198,"minecraft:diorite":1,"minecraft:repeater":25,"minecraft:redstone_lamp":43,"minecraft:target":2,"minecraft:bow":34,"minecraft:redstone":456,"minecraft:oak_sign":26,"minecraft:redstone_block":1,"minecraft:gravel":7},"minecraft:picked_up":{"minecraft:oak_sign":1,"minecraft:redstone_torch":7,"minecraft:redstone":15}},"DataVersion":3700}