{"stats":{"minecraft:dropped":{"minecraft:lever":2,"minecraft:repeater":1,"minecraft:redstone_torch":9,"minecraft:glass":4},"minecraft:used":{"minecraft:redstone_torch":215,"minecraft:glass":40,"minecraft:mud":1,"minecraft:lever":23,"minecraft:trident":97,"minecraft:black_wool":4,"minecraft:cyan_terracotta":1,"minecraft:black_concrete":2,"minecraft:orange_concrete":19,"minecraft:red_concrete":1,"minecraft:redstone":297,"minecraft:oak_sign":1,"minecraft:birch_hanging_sign":1,"minecraft:black_shulker_box":1,"minecraft:redstone_block":2,"minecraft:pink_wool":218,"minecraft:yellow_wool":27,"minecraft:light_gray_wool":180,"minecraft:diamond_sword":70,"minecraft:repeater":36,"minecraft:redstone_lamp":30,"minecraft:comparator":20,"minecraft:yellow_concrete":2,"minecraft:orange_wool":1,"minecraft:ochre_froglight":29,"minecraft:gray_concrete":11,"minecraft:black_concrete_powder":1,"minecraft:lightning_rod":4,"minecraft:obsidian":1},"minecraft:custom":{"minecraft:time_since_rest":7111878,"minecraft:sprint_one_cm":1705,"minecraft:walk_one_cm":42875,"minecraft:mob_kills":15,"minecraft:drop":16,"minecraft:damage_dealt":4038,"minecraft:fly_one_cm":9999021,"minecraft:crouch_one_cm":5149,"minecraft:play_time":7111878,"minecraft:sneak_time":89947,"minecraft:jump":274,"minecraft:leave_game":18,"minecraft:time_since_death":7111878,"minecraft:total_world_time":7112690},"minecraft:picked_up":{"minecraft:repeater":1,"minecraft:salmon":2,"minecraft:redstone":27,"minecraft:glass":4,"minecraft:lever":3,"minecraft:redstone_torch":8,"minecraft:cod":4},"minecraft:killed":{"minecraft:polar_bear":15}},"DataVersion":3700}