{"stats":{"minecraft:picked_up":{"minecraft:glass":4,"minecraft:repeater":1,"minecraft:lever":3,"minecraft:redstone_torch":8,"minecraft:redstone":26},"minecraft:dropped":{"minecraft:redstone_torch":9,"minecraft:lever":2,"minecraft:glass":4,"minecraft:repeater":1},"minecraft:used":{"minecraft:redstone_torch":212,"minecraft:yellow_wool":27,"minecraft:glass":40,"minecraft:black_wool":4,"minecraft:mud":1,"minecraft:light_gray_wool":180,"minecraft:lever":22,"minecraft:black_concrete":2,"minecraft:repeater":36,"minecraft:redstone_lamp":30,"minecraft:comparator":20,"minecraft:orange_concrete":19,"minecraft:redstone":297,"minecraft:orange_wool":1,"minecraft:yellow_concrete":1,"minecraft:oak_sign":1,"minecraft:birch_hanging_sign":1,"minecraft:gray_concrete":11,"minecraft:black_shulker_box":1,"minecraft:redstone_block":2,"minecraft:black_concrete_powder":1,"minecraft:obsidian":1,"minecraft:pink_wool":218,"minecraft:lightning_rod":4,"minecraft:trident":2,"minecraft:cyan_terracotta":1},"minecraft:custom":{"minecraft:time_since_rest":4187211,"minecraft:crouch_one_cm":5140,"minecraft:sprint_one_cm":1087,"minecraft:play_time":4187211,"minecraft:walk_one_cm":41074,"minecraft:sneak_time":79796,"minecraft:drop":16,"minecraft:jump":252,"minecraft:leave_game":12,"minecraft:time_since_death":4187211,"minecraft:total_world_time":4187211,"minecraft:fly_one_cm":6438041}},"DataVersion":3700}