{"stats":{"minecraft:picked_up":{"minecraft:leather":2,"minecraft:ochre_froglight":4,"minecraft:turtle_egg":1,"minecraft:dirt":69,"minecraft:redstone_torch":3,"minecraft:red_concrete":16},"minecraft:killed":{"minecraft:mule":1},"minecraft:dropped":{"minecraft:turtle_egg":2,"minecraft:trident":1,"minecraft:oak_pressure_plate":1,"minecraft:birch_button":1,"minecraft:warped_sign":1,"minecraft:glass":1,"minecraft:written_book":1,"minecraft:oak_sign":1,"minecraft:polar_bear_spawn_egg":1},"minecraft:used":{"minecraft:redstone_torch":321,"minecraft:oak_fence":6,"minecraft:glass":113,"minecraft:cherry_sapling":10,"minecraft:trident":12,"minecraft:black_concrete":43,"minecraft:villager_spawn_egg":6,"minecraft:flint_and_steel":2,"minecraft:light_gray_concrete":2,"minecraft:red_concrete":76,"minecraft:redstone":3,"minecraft:oak_sign":40,"minecraft:zombie_spawn_egg":2,"minecraft:oak_pressure_plate":1,"minecraft:pink_wool":3,"minecraft:warped_sign":18,"minecraft:diamond_axe":1,"minecraft:bell":4,"minecraft:yellow_wool":1,"minecraft:birch_button":1,"minecraft:mooshroom_spawn_egg":1,"minecraft:diamond_sword":2,"minecraft:written_book":2,"minecraft:tnt":10,"minecraft:yellow_concrete":14,"minecraft:ochre_froglight":13,"minecraft:mule_spawn_egg":1,"minecraft:polar_bear_spawn_egg":11,"minecraft:gray_concrete":48,"minecraft:stripped_cherry_wood":16,"minecraft:red_dye":10,"minecraft:turtle_egg":8,"minecraft:allay_spawn_egg":1,"minecraft:bone_meal":40,"minecraft:smooth_stone":1},"minecraft:custom":{"minecraft:time_since_rest":3897228,"minecraft:sprint_one_cm":1778,"minecraft:damage_taken":1980,"minecraft:walk_one_cm":217824,"minecraft:mob_kills":1,"minecraft:drop":10,"minecraft:damage_dealt":320,"minecraft:fly_one_cm":3523458,"minecraft:open_chest":3,"minecraft:crouch_one_cm":35,"minecraft:play_time":4234566,"minecraft:deaths":4,"minecraft:sneak_time":454,"minecraft:bell_ring":271,"minecraft:interact_with_lectern":1,"minecraft:jump":534,"minecraft:leave_game":12,"minecraft:time_since_death":3897202,"minecraft:total_world_time":4240338,"minecraft:fall_one_cm":14629,"minecraft:inspect_dispenser":2}},"DataVersion":3700}